{
    "projections": {
        "webmerc": {
            "id": "webmerc",
            "epsg": 3857,
            "crs": "EPSG:3857",
            "proj4": "+proj=merc +a=6378137 +b=6378137 +lat_ts=0.0 +lon_0=0.0 +x_0=0.0 +y_0=0 +k=1.0 +units=m +nadgrids=@null +wktext +no_defs",
            "maxExtent": [
                -20037508.34,
                -20037508.34,
                20037508.34,
                20037508.34
            ],
            "resolutions": [
                156543.03390625,
                78271.516953125,
                39135.7584765625,
                19567.8792382812,
                9783.9396191406,
                4891.9698095703,
                2445.9849047851,
                1222.9924523925,
                611.4962261962,
                305.7481131407048
            ],
            "numZoomLevels": 10,
            "startCenter": [
                0,
                0
            ],
            "startZoom": 3
        }
    }
}
