{
    "matrixSets": {
        "GIBS:EPSG4326_2km": {
            "id": "EPSG4326_2km",
            "maxResolution": 0.5625,
            "serverResolutions": [
                0.5625,
                0.28125,
                0.140625,
                0.0703125,
                0.03515625,
                0.017578125
            ],
            "tileSize": [512, 512]
        }
    }
}