{
    "matrixSets": {
        "GIBS:EPSG3031_500m": {
            "id": "EPSG3031_500m",
            "maxResolution": 8192.0,
            "serverResolutions": [
                8192.0,
                4096.0,
                2048.0,
                1024.0,
                512.0
            ]
        },
        "GIBS:EPSG3413_500m": {
            "id": "EPSG3413_500m",
            "maxResolution": 8192.0,
            "serverResolutions": [
                8192.0,
                4096.0,
                2048.0,
                1024.0,
                512.0
            ]
        },
        "GIBS:EPSG4326_500m": {
            "id": "EPSG4326_500m",
            "maxResolution": 0.5625,
            "serverResolutions": [
                0.5625,
                0.28125,
                0.140625,
                0.0703125,
                0.03515625,
                0.017578125,
                0.0087890625,
                0.00439453125
            ]
        }
    }
}